{
  "createCouponUrl": "https://localhost:5007/api/CreateCouponV1",
  "createCouponFuncKey": "VnUVay5onSNLkihfUY-p3-6JaHvlEQzoUAC05xqZllIwAzFubcRXLw==",
  "consumerTextUrl": "https://prod-78.eastus.logic.azure.com:443/workflows/77370057538a492ba8ee7bc2232d0990/triggers/manual/paths/invoke?api-version=2016-10-01&sp=%2Ftriggers%2Fmanual%2Frun&sv=1.0&sig=bATkXdoe8inbawhXZy5ApjaSh06oHMB3jofK_RnZXPk", 
  "getValidatedRequest": "https://dev-ptv-eus-func-api-validatereq.azurewebsites.net",
  "getValidatedRequestToken": "NgYpbYR1WC_ah4qNQfxqhf64IUTDIIKacc0Pqh8nv8FDAzFuwzoLsQ==",
  "getValidateRequestEndPoint": "/api/ValidatedRequest",
  "quickConnectUrl": "https://localhost:7271/api/QuickConnect",
  "quickConnectFuncKey": "VnUVay5onSNLkihfUY-p3-6JaHvlEQzoUAC05xqZllIwAzFubcRXLw==",
  "hostApi": "https://api.pamitv.dev",
  "engageApiFuncKey": "FJo-bBEg1ljDqRRCwBtzBRQQhbbnIQeACAxRa5TkmZ5uAzFuMWwRrw==",
  "engageApiEndPoint": "/engage/OfferDetail",
  "guestApiEndPoint": "/guests/Guest",
  "pamitvkey": "4e7463d7347a40d09db279285a8596b2",
  "pamitvsite": "https://pamitv.com/"
}
