{
  "advertiserApiUrl": "https://localhost:7193/api",
  "advertiserApiFuncKey": "0El1RuzIe8swsFReL8hRKvjL5L8QAI6mtHCOI5CpUnjcAzFuns54Uw==",
  "campaignApiUrl": "https://localhost:7131/api",
  "campaignApiFuncKey": "0El1RuzIe8swsFReL8hRKvjL5L8QAI6mtHCOI5CpUnjcAzFuns54Uw==",
  "retailerApiUrl": "https://localhost:7138/api",
  "retailerApiFuncKey": "0El1RuzIe8swsFReL8hRKvjL5L8QAI6mtHCOI5CpUnjcAzFuns54Uw==",
  "templatesApiUrl": "https://localhost:7247/api",
  "templatesApiFuncKey": "0El1RuzIe8swsFReL8hRKvjL5L8QAI6mtHCOI5CpUnjcAzFuns54Uw==",
  "offerApiUrl": "https://localhost:7176/api",
  "offerApiFuncKey": "0El1RuzIe8swsFReL8hRKvjL5L8QAI6mtHCOI5CpUnjcAzFuns54Uw==",
  "displayOffer00StorageAcctUrl": "https://devptveussadispoffer00.blob.core.windows.net",
  "displayOfferBlob": "displayOffer.json",
  "displayOffer00StorageSasToken": "?sv=2022-11-02&ss=bf&srt=co&sp=rwdlaciytf&se=2024-08-02T02:50:03Z&st=2023-08-01T18:50:03Z&spr=https&sig=b9LJiT0Ws809SBGdgldCxzvJujKc%2BkHn43dCYLa4sZQ%3D",
  "videoStorageAcctUrl": "https://devptveussavideo.blob.core.windows.net",
  "videoStorageSasToken": "?sv=2022-11-02&ss=b&srt=co&sp=rwdlaciytfx&se=2025-03-01T21:24:52Z&st=2023-10-24T12:24:52Z&spr=https&sig=ZiJdphaPHHKpcFE1BlYVIGi7m0q%2B3u8HoZuU6z10jCY%3D",
  "videoStorageAcctPublicUrl": "https://video.pamitv.dev",
  "videoServiceApiUrl": "https://dev-ptv-eus-func-api-videorequest.azurewebsites.net/api",
  "videoServiceApiFuncKey": "fbYeDAdLMqVdkn_oedzVzpFslLRQfmcR4V5W7RODhUHpAzFuEvBuMg==",
  "pswSuffix": "",
  "campaignBrandTemplateEndpoint": "https://api.pamitv.dev/templates/CampaignBrandTemplates",
  "defaultCampaignBrandAttributesEndpoint": "https://api.pamitv.dev/templates/CampaignBrandTemplate",
  "campaignBrandTemplateFuncKey": "4e7463d7347a40d09db279285a8596b2",
  "guestDataTemplateEndpoint": "https://api.pamitv.dev/templates/GuestDataTemplates",
  "defaultBrandTemplate": {
    "campaignId": "3e867e69-89fd-4143-ac49-8e0e9b186243",
    "templateId": "cb69f082-c1bf-443f-a40f-af0231b5d3c0"
  },
  "campaignsEndpoint": "https://api.pamitv.dev/campaigns/Campaign",
  "updateCampaignOffer": "https://api.pamitv.dev/campaigns/UpdateCampaignOffer"
}
